"timestamp","happy1","ID","tutorial","travel","direction","born","sports","aware","morning_drink","breakfast","sleep","siblings","siblings_number","pets","beer","coffee","Pineapple_Pizza","Pinky","OS","hand","energy","shoes","phone","Apartment_Size","rooms","apps","countries","CB","Food_Money","season","Drink_Coffee","height","bother","happy2","tutorial_batch","time","major","morning_drink2"
"2026-04-07 12:30:21.09",9,"gover","Tutorial 5 (C11.319)",0.2,"N",8500,10,"energized","tea","yes",7,"yes",4,1,10,10,"No",2,"Apple",5,10,3,12,9.5,1,10,22,"yes",150,"Summer","milk",171,8,10,2026,1215,"GESS","tea"
"2026-04-07 12:30:23.387",7,"farwa","Tutorial 4 (C12.010)",5,"NW",5000,0,"awake","juice","no",8,"yes",1,3,4,3,"No",4,"Microsoft",8,7,20,12,13,3,12,6,"No",450,"Spring","Other",165,6,7,2026,1215,"GESS","other"
"2026-04-07 12:32:09.365",5,"jalan3","Tutorial 5 (C11.319)",0.8,"SW",12.62,2,"tired","water","no",7,"yes",1,2,2,2,"do_not_mind",5.4,"Both",17,3,4,15.9,60,3,30,15,"yes",200,"Spring","Other",153,3,5,2026,1215,"GESS","water"
"2026-04-07 12:32:11.817",9,"schna10","Tutorial 5 (C11.319)",15,"N",100,8,"tired","coffee","yes",7,"yes",1,1,3,4,"do_not_mind",6,"Microsoft",16,6,5,17,83,2,30,6,"yes",150,"Summer","black",190,1,9,2026,1215,"GESS","coffee"
"2026-04-07 12:32:22.387",7,"sophi27","Tutorial 4 (C12.010)",0.5,"SW",60,2,"tired","coffee","yes",7,"yes",1,0,2,2,"No",5.5,"Apple",20,4,12,14,80,2,25,23,"yes",250,"Summer","milk",171,2,7,2026,1215,"GESS","coffee"
"2026-04-07 12:32:27.75",8,"imapf2","Tutorial 4 (C12.010)",3,"N",450,2,"tired","water","yes",8,"yes",1,3,4,5,"No",4,"Apple",20,6,8,14,80,2,35,20,"yes",200,"Summer","milk",190,1,8,2026,1215,"GESS","water"
"2026-04-07 12:33:14.276",8,"alqan4","Tutorial 5 (C11.319)",2.7,"SE",3007,0.5,"awake","coffee","no",8,"yes",2,10,3,3,"No",7.5,"Microsoft",19,8,4,16.5,75,3,225,7,"yes",180,"Fall","sugar_milk",172,5,8,2026,1215,"GESS","coffee"
"2026-04-07 12:33:24.432",9,"fried54","Tutorial 5 (C11.319)",3,"W",75,3,"energized","coffee","yes",6,"yes",1,3,3,3,"Yes",7,"Microsoft",19,9,3,17,26,0,25,8,"yes",160,"Summer","black",185,3,9,2026,1215,"GESS","coffee"
"2026-04-07 12:33:29.68",8,"achte53","Tutorial 5 (C11.319)",2,"SE",64,5,"awake","coffee","yes",7,"yes",1,5,3,3,"No",4,"Microsoft",10,7,6,11,34,0,40,16,"yes",200,"Summer","milk",189,7,8,2026,1215,"GESS","coffee"
"2026-04-07 12:33:40.489",8,"hinte25","Tutorial 5 (C11.319)",5,"SW",73,8,"awake","tea_or_matcha","no",7,"yes",1,5,2,2,"No",4,"Apple",9,6,6,18,55,2,40,18,"yes",200,"Summer","milk",183,8,6,2026,1215,"GESS","tea"
"2026-04-07 12:34:37.691",7,"imdor11","Tutorial 6 (C5.325)",3,"N",500,3,"awake","coffee","yes",8,"yes",2,1,1,2,"do_not_mind",6,"Microsoft",18,7,5,14.5,70,3,150,12,"yes",100,"Spring","milk",160,5,7,2026,1215,"GESS","coffee"
"2026-04-07 12:35:17.318",7,"louis17","Tutorial 6 (C5.325)",3,"NE",5.529,1,"awake","warm_water","yes",10,"no",0,1,2,7,"No",7,"Apple",18,8,3,14,21,0,100,8,"yes",90,"Winter","sugar",164,5,7,2026,1215,"GESS","water"
"2026-04-07 12:35:17.934",7,"sophi7","Tutorial 6 (C5.325)",0.2,"SE",550,2,"awake","tea","yes",7,"yes",1,5,2,3,"No",6.5,"Microsoft",20.5,7,5,15,55,2,58,9,"No",250,"Spring","Other",167,8,8,2026,1215,"GESS","tea"
"2026-04-07 12:35:30.956",6,"sierc101","Tutorial 6 (C5.325)",3,"NW",1000,2,"awake","coffee_(tea_sometimes)","yes",6,"yes",2,7,4,5,"No",5.9,"Both",19.5,7,5,15.5,60,1,145,22,"No",200,"Spring","milk",162,7,7,2026,1215,"GESS","coffee"
"2026-04-07 12:35:43.085",8,"körne11","Tutorial 5 (C11.319)",2.2,"N",121,2,"awake","vitamin_juice","yes",8,"yes",1,0,2,2,"do_not_mind",6.5,"Apple",19,8,7,15.4,80,4,13,11,"No",200,"Spring","black",177,1,8,2026,1215,"GESS","other"
"2026-04-07 12:35:47.904",6,"stare7","Tutorial 5 (C11.319)",0.5,"NW",890,12,"awake","tea","yes",7,"yes",1,1,3,3,"do_not_mind",6,"Microsoft",18,7,6,15,60,3,45,15,"yes",250,"Summer","Other",170,5,6,2026,1215,"GESS","tea"
"2026-04-07 12:35:53.746",5,"oster153","Tutorial 5 (C11.319)",50,"NW",50,2,"awake","sparkling_water","yes",9,"yes",1,1,1,1,"No",6,"Apple",17,6,10,14,140,3,29,13,"yes",150,"Spring","Other",172,2,5,2026,1215,"GESS","water"
"2026-04-07 12:36:26.172",8,"uhlen62","Tutorial 5 (C11.319)",2,"SE",50,10,"energized","coffee","yes",8,"yes",1,0,3,4,"do_not_mind",6,"Apple",18,6,5,14,45,1,190,29,"yes",100,"Spring","milk",172,6,8,2026,1215,"GESS","coffee"
"2026-04-07 12:36:40.819",9,"salzw7","Tutorial 4 (C12.010)",3,"SE",70,5,"energized","coffee","yes",7,"yes",3,2,3,3,"No",3,"Apple",15,6,22,14,50,1,40,13,"No",200,"Summer","milk",163,1,4,2026,1215,"GESS","coffee"
"2026-04-07 12:36:41.501",6,"amkie1","Tutorial 5 (C11.319)",2,"NW",50,2,"awake","water","yes",6,"yes",2,1,3,3,"do_not_mind",6,"Microsoft",17,6,4,15.5,90,2,83,20,"yes",120,"Spring","milk",178,3,6,2026,1215,"GESS","water"
"2026-04-07 12:36:47.341",5,"tawfi1","Tutorial 4 (C12.010)",0.2,"E",3135,7,"awake","water","yes",8,"yes",1,1,4,4,"do_not_mind",4,"Apple",11,6,6,10,17,5,12,7,"No",220,"Spring","milk",168,4,5,2026,1215,"GESS","water"
"2026-04-07 12:36:52.67",7,"razdo3","Tutorial 4 (C12.010)",7,"SE",2000,3,"awake","tea","yes",9,"yes",2,0,5,5,"Yes",7,"Microsoft",20,6,9,23,20,1,90,5,"No",298,"Winter","milk",175,4,8,2026,1215,"GESS","tea"
"2026-04-07 12:37:21.878",7,"adolf16","Tutorial 5 (C11.319)",2.5,"SW",261,7,"awake","hot_water_with_lemon","yes",8,"no",0,5,4,4,"No",5.5,"Apple",17,5,15,13,80,2,25,12,"yes",150,"Summer","Other",165,3,8,2026,1215,"GESS","water"
"2026-04-07 12:37:29.716",7,"ambro8","Tutorial 5 (C11.319)",0.2,"NE",499,2,"awake","coffee","yes",7,"yes",1,2,6,6,"do_not_mind",5.5,"Apple",17,7,15,11,350,8,30,15,"yes",150,"Spring","milk",172,3,7,2026,1215,"GESS","coffee"
"2026-04-07 12:37:33.403",9,"vaish2","Tutorial 6 (C5.325)",2,"N",6000,1,"tired","banana_apple_shake","yes",7,"yes",1,11,3,4,"No",6.5,"Microsoft",20.5,8,6,16.4,12,1,102,2,"yes",120,"Spring","milk",165,9,9,2026,1215,"GESS","other"
"2026-04-07 12:37:36.688",7,"bremer5","Tutorial 4 (C12.010)",70,"N",50,5,"awake","lime_water,_tea","yes",9,"no",0,9,2,4,"do_not_mind",4,"Neither",11,6,3,11,50,4,15,10,"yes",150,"Spring","milk",173,3,5,2026,1215,"GESS","tea"
"2026-04-07 12:37:58.684",3,"amlüf17","Tutorial 5 (C11.319)",700,"S",700,6,"tired","coffee","yes",6,"yes",3,2,2,2,"do_not_mind",3.5,"Microsoft",18,4,6,14,64,2,30,12,"yes",150,"Spring","black",164,8,4,2026,1215,"GESS","coffee"
"2026-04-07 12:37:59.408",6,"rings25","Tutorial 6 (C5.325)",2.7,"SW",541,7,"awake","coffee","yes",7,"yes",1,1,3,4,"do_not_mind",5.5,"Apple",18,6,4,13.5,90,2,120,22,"No",300,"Summer","milk",172,8,8,2026,1215,"GESS","coffee"
"2026-04-07 12:38:05.717",6,"haupt15","Tutorial 6 (C5.325)",5,"NW",274,0,"tired","monster_energy","no",8,"yes",2,2,3,2,"No",4,"Microsoft",14,3,2,14,35,0,58,6,"yes",100,"Spring","milk",169,7,7,2026,1215,"GESS","other"
"2026-04-07 12:38:05.848",8,"boeck25","Tutorial 4 (C12.010)",5,"SE",350,1,"drowsy","coffee","yes",8,"no",0,4,1,2,"Yes",4.5,"Apple",16,6,9,13,90,2,30,20,"yes",250,"Fall","milk",164,6,7,2026,1215,"GESS","coffee"
"2026-04-07 12:38:16.803",4,"impeu24","Tutorial 6 (C5.325)",10,"SW",33,3,"tired","water","yes",7,"yes",1,2,1,1,"do_not_mind",4,"Microsoft",15,3,6,15.5,140,2,52,10,"yes",15,"Spring","Other",181,7,4,2026,1215,"GESS","water"
"2026-04-07 12:38:31.506",8,"lessi25b","Tutorial 6 (C5.325)",2,"S",1800,16,"awake","water","yes",8,"yes",2,1,2,2,"No",6,"Apple",15,9,5,15.5,65,1,53,10,"yes",350,"Spring","sugar_milk",175,8,9,2026,1215,"GESS","water"
"2026-04-07 12:38:33.427",8,"garte21","Tutorial 6 (C5.325)",10,"NE",600,2,"awake","tea","no",8,"no",0,6,4,7,"No",6,"Microsoft",19,8,4,17,24,0,139,16,"yes",100,"Fall","milk",175,8,8,2026,1215,"GESS","tea"
"2026-04-07 12:38:45.472",10,"banko12a","Tutorial 4 (C12.010)",0.3,"NE",789,3,"energized","cacao","yes",8,"no",0,2,4,4,"Yes",5,"Apple",16,5,15,15.5,53,1,300,13,"yes",150,"Spring","sugar_milk",166,4,10,2026,1215,"GESS","other"
"2026-04-07 12:38:54.699",4,"pfalz19","Tutorial 6 (C5.325)",0,"W",250,3,"drowsy","coffee","yes",7,"no",0,1,4,2,"No",6,"Apple",18,7,5,15.5,140,5,20,21,"yes",60,"Summer","milk",163,7,6,2026,1215,"GESS","coffee"
"2026-04-07 12:38:57.667",8,"nette2b","Tutorial 6 (C5.325)",2,"S",53,10,"tired","water","yes",8,"yes",2,1,3,3,"Yes",6.5,"Apple",21,5,5,15,90,1,92,22,"yes",300,"Summer","milk",175,9,8,2026,1215,"GESS","water"
"2026-04-07 12:38:58.331",6,"astra9","Tutorial 4 (C12.010)",1,"SE",573,6,"tired","coffee","yes",7,"yes",1,0,4,4,"Yes",8,"Apple",28,5,11,20,180,8,112,21,"yes",120,"Summer","black",177,4,6,2026,1215,"GESS","coffee"
"2026-04-07 12:39:01.424",7,"amrei4","Tutorial 5 (C11.319)",4,"NE",120,3,"awake","coffee","yes",9,"yes",1,1,3,4,"do_not_mind",6.2,"Microsoft",21,7,9,17,30,0,215,4,"yes",200,"Summer","milk",174,9,7,2026,1215,"GESS","coffee"
"2026-04-07 12:39:07.83",6,"thigi5","Tutorial 4 (C12.010)",1,"NE",9500,4,"awake","tea","yes",7,"yes",1,3,2,4,"do_not_mind",4,"Microsoft",14,5,12,14,47,1,23,12,"yes",150,"Summer","milk",158,5,6,2026,1215,"GESS","tea"
"2026-04-07 12:39:10.536",6,"diebr341","Tutorial 5 (C11.319)",2.3,"S",207,9,"tired","water","yes",8,"yes",2,45,3,4,"do_not_mind",6.5,"Microsoft",21,6,11,16.5,100,2,200,8,"yes",200,"Spring","milk",168,9,7,2026,1215,"GESS","water"
"2026-04-07 12:39:12.165",8,"blume20","Tutorial 6 (C5.325)",500,"N",738,10,"awake","coffee_or_tea","yes",8,"yes",2,1,3,3,"No",6,"Microsoft",21,8,10,14.5,60,2,98,13,"yes",250,"Fall","milk",168,10,8,2026,1215,"GESS","coffee"
"2026-04-07 12:39:18.962",6,"schne7","Tutorial 4 (C12.010)",60,"SE",480,3,"drowsy","coffee","yes",7,"yes",1,2,2,4,"do_not_mind",6,"Apple",16,5,5,15,24,0,20,10,"yes",280,"Fall","sugar_milk",175,4,6,2026,1215,"GESS","coffee"
"2026-04-07 12:39:20.982",3,"eucke10","Tutorial 6 (C5.325)",800,"S",800,10,"drowsy","coffee","yes",7,"yes",1,2,3,2,"Yes",6,"Microsoft",22,1,3,15,90,2,147,15,"yes",350,"Summer","black",188,7,4,2026,1215,"GESS","coffee"
"2026-04-07 12:39:24.38",8,"carlv15","Tutorial 4 (C12.010)",0.2,"W",71,8,"tired","water","yes",9,"yes",1,1,2,2,"Yes",4,"Apple",12,4,7,20,60,2,30,10,"yes",100,"Summer","milk",165,3,7,2026,1215,"GESS","water"
"2026-04-07 12:39:26.041",4,"goeth16","Tutorial 4 (C12.010)",2.5,"S",700,6,"drowsy","orange_juice","yes",9,"yes",2,3,2,2,"No",7,"Microsoft",24,7,7,20,55,1,79,9,"No",150,"Fall","Other",170,5,6,2026,1215,"GESS","other"
"2026-04-07 12:39:29.664",8,"amkre1","Tutorial 4 (C12.010)",1.4,"N",6848,4,"energized","coffee","yes",9,"yes",1,0,2,2,"No",8,"Microsoft",23,7,7,20,23,0,23,25,"yes",100,"Summer","milk",177,9,9,2026,1215,"GESS","coffee"
"2026-04-07 12:39:39.991",9,"hoegd2b","Tutorial 5 (C11.319)",0.8,"N",395,3,"energized","chocolate_oat_milk","yes",8,"no",0,5,1,1,"No",5.5,"Apple",15.5,7,3,16,66,2,49,5,"yes",90,"Summer","Other",162,4,7,2026,1215,"GESS","other"
"2026-04-07 12:39:43.472",7,"ottoo5","Tutorial 6 (C5.325)",0.5,"N",400,5,"awake","coffee","yes",8,"no",0,3,2,3,"No",6,"Apple",17,5,19,15.5,27,0,91,10,"yes",90,"Summer","milk",178,4,7,2026,1215,"GESS","coffee"
"2026-04-07 12:39:46.203",7,"denis220","Tutorial 4 (C12.010)",4,"N",450,3,"tired","coffee","yes",8,"yes",2,0,4,4,"No",3,"Microsoft",13,6,7,15,80,2,103,22,"yes",200,"Spring","milk",167,4,8,2026,1215,"GESS","coffee"
"2026-04-07 12:40:06.97",6,"brand19","Tutorial 5 (C11.319)",135,"SW",148,4,"awake","coffee","yes",8,"yes",1,2,2,3,"do_not_mind",6.5,"Microsoft",18,7,10,15.5,137,6,75,15,"yes",250,"Summer","milk",168,10,9,2026,1215,"GESS","coffee"
"2026-04-07 12:40:12.284",7,"lauch5","Tutorial 4 (C12.010)",2,"NE",250,3,"energized","coffee","yes",9,"yes",2,9,3,3,"No",4,"Apple",15,6,20,11,170,5,112,30,"yes",250,"Summer","milk",165,5,7,2026,1215,"GESS","coffee"
"2026-04-07 12:40:14.8",8,"riedw10","Tutorial 4 (C12.010)",11,"NE",454,6.5,"tired","juice","yes",10,"no",0,4,2,2,"do_not_mind",5,"Microsoft",21,6,10,20,100,2,20,40,"No",70,"Summer","Other",157,8,8,2026,1215,"GESS","other"
"2026-04-07 12:40:26.442",4,"opden32","Tutorial 3 (C11.320)",7.5,"N",44,0,"drowsy","water","no",4,"yes",1,2,4,4,"do_not_mind",8,"Neither",20.5,4,4,15,22,0,15,6,"No",70,"Fall","Other",165,4,5,2026,1215,"UWI","water"
"2026-04-07 12:40:47.726",4,"eiche57","Tutorial 5 (C11.319)",3,"NW",122,0,"drowsy","water","yes",8,"yes",4,2,4,4,"No",6,"Microsoft",16,2,5,15.5,125,5,77,9,"No",140,"Spring","sugar_milk",172,7,6,2026,1215,"GESS","water"
"2026-04-07 12:40:48.038",7,"gusta12","Tutorial 5 (C11.319)",0.21,"SE",55,0,"awake","coffee","no",6,"no",0,3,2,2,"No",6,"Apple",19,7,4,14,52,1,230,17,"yes",300,"Summer","milk",176,5,7,2026,1215,"GESS","coffee"
"2026-04-07 12:40:53.683",8,"nacht7","Tutorial 4 (C12.010)",2.5,"S",100,3,"energized","coffee","yes",9,"yes",1,4,2,2,"do_not_mind",7,"Apple",24,7,9,21,55,1,66,15,"No",150,"Spring","milk",172,5,8,2026,1215,"GESS","coffee"
"2026-04-07 12:41:00.587",7,"oeden10","Tutorial 5 (C11.319)",4,"NW",233,2,"tired","tea","yes",8,"yes",2,2,4,4,"Yes",7,"Microsoft",20,8,10,15,60,3,90,10,"No",230,"Spring","sugar_milk",176,9,8,2026,1215,"GESS","tea"
"2026-04-07 12:41:13.995",8,"aufde17","Tutorial 4 (C12.010)",3.5,"N",226,2,"awake","orange_juice","yes",8,"yes",2,1,4,4,"Yes",5.5,"Microsoft",18,9,7,18.5,160,5,177,16,"yes",100,"Spring","sugar_milk",153,3,8,2026,1215,"GESS","other"
"2026-04-07 12:41:17.547",5,"heinz30","Tutorial 3 (C11.320)",80,"S",260,2,"tired","coffee","yes",6,"yes",1,0,1,2,"No",6.5,"Microsoft",22,4,12,16,48,0,123,7,"yes",250,"Fall","black",181,7,5,2026,1215,"UWI","coffee"
"2026-04-07 12:41:29.848",6,"wacho8","Tutorial 5 (C11.319)",0.35,"W",200,1,"awake","juice","yes",8,"no",0,4,3,3,"No",6.5,"Microsoft",18,6,9,13.8,31.69,5,82,20,"yes",200,"Spring","milk",166,9,8,2026,1215,"GESS","other"
"2026-04-07 12:41:44.013",7,"eggew15","Tutorial 4 (C12.010)",3,"SW",102,6,"drowsy","tea","no",7,"yes",2,7,4,4,"do_not_mind",7,"Both",23,7,8,20,100,2,36,25,"No",100,"Spring","black",172,8,8,2026,1215,"GESS","tea"
"2026-04-07 12:41:44.638",7,"stein24","Tutorial 4 (C12.010)",55,"E",8500,0,"tired","water","yes",5,"yes",1,10,3,3,"Yes",6,"Microsoft",17,5,5,15.5,77,1,100,20,"yes",300,"Fall","milk",162,4,6,2026,1215,"GESS","water"
"2026-04-07 12:42:01.157",7,"galge14","Tutorial 5 (C11.319)",3,"NW",619,4,"tired","coffee","yes",7,"yes",1,2,2,2,"Yes",5,"Both",15,5,18,16,250,8,183,13,"No",170,"Spring","milk",173,6,7,2026,1215,"GESS","coffee"
"2026-04-07 12:42:18.226",4,"sauer54","Tutorial 3 (C11.320)",2,"W",64,0,"tired","spezi,_water","no",6,"yes",1,50,1,1,"do_not_mind",5.7,"Microsoft",18,4,34,17,125,1,110,4,"No",300,"Winter","sugar_milk",165,8,4,2026,1215,"UWI","water"
"2026-04-07 12:42:31.234",7,"koble54","Tutorial 3 (C11.320)",2,"N",226,3,"awake","water","yes",7,"yes",2,1,4,2,"do_not_mind",7,"Microsoft",19.5,6,8,15.5,17,6,12,27,"yes",275,"Summer","milk",184,5,6,2026,1215,"UWI","water"
"2026-04-07 12:42:34.864",8,"meien63","Tutorial 5 (C11.319)",2.9,"NW",58,7,"drowsy","water","yes",8,"yes",2,5,2,3,"do_not_mind",6.3,"Apple",21.1,7,16,7.6,61,1,60,27,"yes",110,"Spring","sugar_milk",164,6,8,2026,1215,"GESS","water"
"2026-04-07 12:42:38.72",6,"ratha32","Tutorial 2 (C14.203)",0.2,"S",500,3,"drowsy","tea_and_water","yes",7,"yes",2,6,1,1,"do_not_mind",5,"Apple",20,4,7,13,240,6,6,5,"yes",170,"Spring","Other",173,1,8,2026,1215,"UWI","tea"
"2026-04-07 12:42:50.993",9,"crana46","Tutorial 3 (C11.320)",2,"NW",215,2,"energized","water","yes",7,"yes",1,3,1,1,"No",6,"Apple",21,9,11,14,85,3,122,6,"yes",100,"Spring","Other",172,9,8,2026,1215,"UWI","water"
"2026-04-07 12:42:54.401",5,"silbe26/1","Tutorial 3 (C11.320)",70,"NW",480,6,"drowsy","water","no",8,"yes",2,0,4,4,"Yes",7,"Microsoft",22.5,3,4,17,90,8,212,12,"No",200,"Summer","Other",180,1,4,2026,1215,"UWI","water"
"2026-04-07 12:43:09.754",9,"walst16","Tutorial 3 (C11.320)",55,"NE",55,1,"awake","water","yes",8,"yes",1,2,3,3,"Yes",5,"Microsoft",20,7,15,16,200,3,25,15,"yes",200,"Summer","sugar_milk",171,6,8,2026,1215,"UWI","water"
"2026-04-07 12:43:18.971",7,"kiefe20","Tutorial 3 (C11.320)",4,"NW",170,5,"awake","water","no",8,"yes",2,6,2,4,"do_not_mind",6,"Microsoft",20,9,5,16,68,6,25,13,"yes",200,"Fall","sugar_milk",164,10,7,2026,1215,"UWI","water"
"2026-04-07 12:43:26.462",5,"marti2","Tutorial 2 (C14.203)",0.3,"NE",573,1,"awake","coffee","yes",7,"yes",1,1,3,4,"No",11,"Apple",17,7,9,16,120,4,87,30,"yes",250,"Spring","milk",179,1,5,2026,1215,"UWI","coffee"
"2026-04-07 12:43:40.805",6,"birke28","Tutorial 2 (C14.203)",5,"W",100,5,"drowsy","water","yes",7,"yes",1,0,2,1,"do_not_mind",6,"Apple",20,6,8,13,70,2,20,6,"No",350,"Spring","Other",182,2,6,2026,1215,"UWI","water"
"2026-04-07 12:43:45.4",7,"sacks11a","Tutorial 2 (C14.203)",1,"S",572,3,"drowsy","water","yes",8,"yes",2,4,2,3,"do_not_mind",5,"Apple",19,7,4,15.4,16,1,50,14,"No",200,"Spring","Other",175,3,5,2026,1215,"UWI","water"
"2026-04-07 12:43:53.385",4,"beide36","Tutorial 2 (C14.203)",0.5,"N",40,4,"awake","tee_and_coffee","yes",7,"yes",1,2,4,4,"No",10,"Apple",24,6,6,18,120,7,30,11,"No",240,"Spring","milk",167,8,6,2026,1215,"UWI","coffee"
"2026-04-07 12:44:12.841",8,"bergs4","Tutorial 3 (C11.320)",5,"NE",50,3,"awake","water&tea","no",9,"yes",2,3,1,2,"No",7,"Both",18,9,3,15.5,40,1,120,14,"yes",200,"Winter","milk",178,4,10,2026,1215,"UWI","tea"
"2026-04-07 12:44:15.093",3,"stein47","Tutorial 3 (C11.320)",2.5,"NW",110,4,"tired","water","yes",9,"yes",1,0,2,2,"do_not_mind",6.5,"Microsoft",22,3,3,15.4,54,1,30,15,"yes",250,"Summer","milk",188,9,4,2026,1215,"UWI","water"
"2026-04-07 12:44:24.607",9,"diahr6","Tutorial 3 (C11.320)",2,"N",60,8,"awake","coffee","yes",7,"yes",2,10,3,3,"Yes",6,"Microsoft",20,6,8,16,120,4,110,9,"yes",280,"Summer","milk",183,6,9,2026,1215,"UWI","coffee"
"2026-04-07 12:44:28.365",8,"dorfs34","Tutorial 3 (C11.320)",62.8,"SE",196,3,"drowsy","coffee","no",7,"yes",2,20,2,2,"do_not_mind",6,"Microsoft",18,6,7,8,30,3,5,12,"yes",400,"Summer","milk",179,2,6,2026,1215,"UWI","coffee"
"2026-04-07 12:44:34.544",7,"strem52","Tutorial 3 (C11.320)",1,"E",50,10,"energized","green_tea_with_lemon_juice","yes",8,"yes",1,0,3,3,"Yes",7,"Microsoft",20,8,5,16,18,5,131,10,"yes",200,"Summer","milk",192,2,8,2026,1215,"UWI","tea"
"2026-04-07 12:44:39.417",6,"lipia3","Tutorial 2 (C14.203)",0.5,"SW",50,0,"awake","water","no",7,"no",0,3,1,1,"Yes",7,"Apple",21,6,6,16,17,0,20,10,"yes",80,"Summer","milk",184,6,7,2026,1215,"UWI","water"
"2026-04-07 12:44:45.195",6,"lorns154","Tutorial 2 (C14.203)",2,"N",80,7,"tired","water","yes",7,"yes",1,2,2,3,"do_not_mind",5,"Apple",8,6,5,9,80,2,30,8,"yes",150,"Spring","sugar_milk",172,7,6,2026,1215,"UWI","water"
"2026-04-07 12:44:53.532",7,"bären8","Tutorial 3 (C11.320)",2.5,"NW",70,3,"awake","water","yes",6,"no",0,0,2,2,"Yes",6,"Microsoft",20,7,4,15,44,1,53,14,"No",200,"Summer","Other",184,5,7,2026,1215,"UWI","water"
"2026-04-07 12:44:57.621",8,"arndt17","Tutorial 2 (C14.203)",2,"S",150,3,"awake","tea","yes",10,"no",0,8,3,3,"Yes",4.5,"Apple",15,7,9,14.6,100,7,200,50,"yes",300,"Fall","milk",173,5,8,2026,1215,"UWI","tea"
"2026-04-07 12:45:06.926",3,"nords74b","Tutorial 3 (C11.320)",1.5,"NE",180,2,"tired","tea","yes",9,"yes",1,2,2,2,"do_not_mind",7,"Microsoft",22,8,3,19,95,2,170,7,"yes",270,"Spring","sugar",189,4,5,2026,1215,"UWI","tea"
"2026-04-07 12:45:26.107",7,"hauke11","Tutorial 3 (C11.320)",2.5,"N",72,1,"awake","tea","no",7,"yes",1,5,4,4,"Yes",6,"Microsoft",19,8,10,16,60,2,50,25,"yes",100,"Summer","sugar_milk",157,7,8,2026,1215,"UWI","tea"
"2026-04-07 12:45:35.131",7,"grabe189","Tutorial 3 (C11.320)",0.5,"NW",217,1,"awake","water","yes",8,"yes",1,5,1,1,"No",5.6,"Both",20,7,13,16.7,73.4,2,72,16,"No",170,"Fall","Other",172,3,5,2026,1215,"UWI","water"
"2026-04-07 12:45:49.371",6,"imwen","Tutorial 2 (C14.203)",2.8,"E",631,4,"tired","coffee","yes",8,"yes",1,3,2,2,"do_not_mind",4.5,"Apple",10,7,10,14.67,80,2,100,15,"yes",350,"Spring","black",166,7,5,2026,1215,"UWI","coffee"
"2026-04-07 12:45:50.771",7,"wiese30","Tutorial 2 (C14.203)",1,"E",400,10,"tired","coffee","no",8,"yes",1,5,2,2,"do_not_mind",5,"Apple",16,6,12,14,40,1,10,10,"yes",250,"Spring","milk",174,5,6,2026,1215,"UWI","coffee"
"2026-04-07 12:45:54.581",8,"hasse16","Tutorial 2 (C14.203)",500,"S",321,2,"awake","lemon_water","yes",8,"yes",3,0,5,5,"No",7.3,"Apple",21,7,8,14.6,96.2,2,128,17,"yes",250,"Summer","milk",160,2,6,2026,1215,"UWI","water"
"2026-04-07 12:45:56.134",7,"parka34","Tutorial 3 (C11.320)",2,"N",45,2,"awake","tea","yes",9,"yes",1,1,1,1,"do_not_mind",5,"Neither",16,5,5,14,55,1,50,15,"yes",150,"Summer","milk",172,3,5,2026,1215,"UWI","tea"
"2026-04-07 12:45:56.583",8,"eppen174","Tutorial 2 (C14.203)",75,"NW",80,5,"tired","lemon_tea","yes",8,"yes",1,0,4,4,"No",5,"Microsoft",22,6,7,11,82,4,71,15,"yes",30,"Summer","Other",176,3,8,2026,1215,"UWI","tea"
"2026-04-07 12:45:57.857",6,"emilh11","Tutorial 3 (C11.320)",4,"NE",550,2,"awake","coffee","yes",9,"yes",1,2,3,2,"do_not_mind",5,"Microsoft",18,7,7,16.21,175,5,40,9,"yes",50,"Spring","milk",174,2,5,2026,1215,"UWI","coffee"
"2026-04-07 12:46:01.217",7,"proze2","Tutorial 3 (C11.320)",1.6,"N",152,3.5,"drowsy","water","yes",9,"yes",2,20,2,2,"do_not_mind",5,"Both",15,4,7,15.5,75,2,40,18,"yes",150,"Spring","Other",168,1,6,2026,1215,"UWI","water"
"2026-04-07 12:46:03.066",7,"käthn27","Tutorial 2 (C14.203)",2.5,"N",60,2,"awake","coffee","no",8,"yes",1,0,4,3,"do_not_mind",6,"Apple",15,6,6,15.5,88,2,100,17,"yes",200,"Summer","black",196,2,7,2026,1215,"UWI","coffee"
"2026-04-07 12:46:05.177",7,"kumme122","Tutorial 2 (C14.203)",0.5,"NE",430,6,"awake","water","yes",8,"yes",3,2,3,2,"do_not_mind",5,"Apple",20,8,8,17,50,2,30,15,"yes",200,"Spring","Other",171,4,9,2026,1215,"UWI","water"
"2026-04-07 12:46:08.554",7,"sepph52","Tutorial 3 (C11.320)",300,"NW",300,4,"awake","water","yes",7,"yes",1,1,3,4,"Yes",5,"Apple",17,5,5,15,70,3,30,13,"No",150,"Spring","milk",169,3,7,2026,1215,"UWI","water"
"2026-04-07 12:46:19.369",9,"valls156","Tutorial 2 (C14.203)",3,"SE",1877,5.5,"awake","tea","yes",8,"yes",1,0,5,5,"No",6,"Microsoft",17,6,12,15,200,3,30,18,"yes",150,"Spring","milk",168,2,9,2026,1215,"UWI","tea"
"2026-04-07 12:46:28.917",8,"prome1","Tutorial 2 (C14.203)",2,"N",1000,4,"tired","coffee","yes",8,"yes",1,0,2,3,"Yes",4,"Microsoft",15,6,10,13,20,8,30,15,"No",150,"Summer","milk",172,4,4,2026,1215,"UWI","coffee"
"2026-04-07 12:46:44.064",5,"haupt24","Tutorial 2 (C14.203)",2,"NW",70,1,"awake","coffee","yes",6,"yes",1,7,1,2,"No",5,"Microsoft",14,4,10,15,75,2,40,6,"yes",100,"Summer","sugar_milk",182,10,6,2026,1215,"UWI","coffee"
"2026-04-07 12:46:50.18",6,"sandb28","Tutorial 5 (C11.319)",37,"S",34,3,"tired","icecoffee","yes",6,"yes",2,18,3,5,"do_not_mind",3,"Apple",7,4,24,13,150,4,67,6,"yes",70,"Summer","milk",163,8,7,2026,1215,"GESS","coffee"
"2026-04-07 12:47:14.901",6,"köhnh","Tutorial 2 (C14.203)",1.1,"W",63,2,"tired","coffee","yes",7,"yes",3,4,2,2,"do_not_mind",4,"Apple",15,6,6,12,60,3,24,14,"yes",80,"Spring","milk",175,4,6,2026,1215,"UWI","coffee"
"2026-04-07 12:47:16.427",7,"suder24","Tutorial 2 (C14.203)",500,"S",40,3,"awake","tea","yes",8,"yes",1,2,2,2,"do_not_mind",4,"Microsoft",12,8,6,16,17,5,50,20,"yes",220,"Summer","Other",165,7,7,2026,1215,"UWI","tea"
"2026-04-07 12:47:19.994",9,"rober7","Tutorial 2 (C14.203)",2.7,"NW",691,1,"awake","water","yes",8,"yes",1,2,2,2,"do_not_mind",6,"Microsoft",16,9,7,15,32,1,25,6,"yes",70,"Spring","Other",170,3,9,2026,1215,"UWI","water"
"2026-04-07 12:47:20.699",8,"amzol6","Tutorial 2 (C14.203)",3.4,"S",142,2,"awake","water","yes",9,"yes",3,6,4,3,"Yes",6.5,"Microsoft",17,6,6,15,180,7,67,14,"yes",120,"Summer","Other",175,4,8,2026,1215,"UWI","water"
"2026-04-07 12:47:22.605",3,"dahle5a","Tutorial 2 (C14.203)",55,"NW",60,1.5,"tired","tea","yes",8,"yes",1,3,0,1,"No",7,"Microsoft",15,3,6,12,150,3,10,13,"yes",0,"Spring","Other",160,7,2,2026,1215,"UWI","tea"
"2026-04-07 12:48:22.709",7,"georg12","Tutorial 2 (C14.203)",4,"N",117,2,"awake","water","yes",7,"yes",2,6,1,1,"do_not_mind",5.9,"Microsoft",19.5,6,10,14,85,1,37,12,"No",350,"Fall","black",166,3,6,2026,1215,"UWI","water"
"2026-04-07 12:48:26.333",7,"amspo13","Tutorial 2 (C14.203)",2.9,"N",121,1,"tired","cappuccino","yes",6,"yes",1,1,3,3,"Yes",6,"Microsoft",15,7,5,14,40,1,15,15,"yes",100,"Spring","milk",164,3,8,2026,1215,"UWI","coffee"
"2026-04-07 12:48:44.128",8,"walds1b","Tutorial 2 (C14.203)",3,"N",45,2,"tired","coffee","yes",8,"yes",2,1,2,3,"No",3.5,"Apple",23,4,4,15.5,55,1,120,15,"yes",217,"Spring","milk",187,7,7,2026,1215,"UWI","coffee"
"2026-04-07 12:48:49.802",7,"hoppe47","Tutorial 3 (C11.320)",2,"S",429,4,"awake","coffee","yes",9,"yes",2,1,3,3,"do_not_mind",5.5,"Apple",20,7,6,15,45,4,35,14,"yes",250,"Spring","milk",152,4,6,2026,1215,"UWI","coffee"
"2026-04-07 12:49:41.661",7,"zehde16","Tutorial 2 (C14.203)",1.9,"NW",216,8,"awake","tea","yes",8,"yes",1,0,3,3,"No",6,"Microsoft",14,7,8,15,120,4,35,18,"yes",160,"Summer","sugar_milk",172,4,7,2026,1215,"UWI","tea"
"2026-04-08 09:05:02.995",7,"panji7","Tutorial 4 (C12.010)",2.5,"E",4027,0,"awake","tea","yes",7,"yes",1,6,3,4,"No",4,"Microsoft",15,8,10,6.7,10,2,20,10,"yes",150,"Spring","sugar_milk",176,8,7,2026,1215,"GESS","tea"
"2026-04-08 15:36:48.341",8,"doorn170","Tutorial 4 (C12.010)",1,"N",690,5,"tired","green_tea","yes",8,"yes",2,2,4,4,"No",5.3,"Apple",6,4,7,15,17,5,27,25,"yes",200,"Summer","Other",175,4,6,2026,1215,"GESS","tea"
"2026-04-09 08:32:53.684",9,"georg116","Tutorial 1 (C11.308)",1.5,"S",720,7,"tired","coffee","yes",8,"yes",1,3,3,2,"No",6,"Both",18,8,6,15,120,5,25,21,"yes",180,"Summer","milk",183,3,9,2026,815,"UWI","coffee"
"2026-04-09 08:33:26.823",4,"görli23","Tutorial 1 (C11.308)",2.7,"SE",416,1.5,"awake","water","yes",9,"yes",1,0,4,4,"No",5,"Microsoft",10,5,7,7,71,3,15,19,"yes",250,"Spring","Other",170,4,4,2026,815,"UWI","water"
"2026-04-09 08:33:27.771",7,"magnu4","Tutorial 1 (C11.308)",2,"SW",150,1,"tired","coffee","no",7,"yes",1,3,2,1,"do_not_mind",5,"Apple",18,7,5,8,80,4,30,14,"No",180,"Spring","milk",184,2,8,2026,815,"UWI","coffee"
"2026-04-09 08:33:47.761",8,"heinr11","Tutorial 1 (C11.308)",2,"W",800,5,"energized","tea","yes",8,"yes",3,2,2,2,"do_not_mind",7,"Microsoft",15,8,7,10,100,4,30,10,"yes",250,"Summer","Other",176,5,8,2026,815,"UWI","tea"
"2026-04-09 08:33:53.245",7,"nordf9","Tutorial 1 (C11.308)",3,"N",260,5,"awake","matcha_or_cocoa","yes",8,"no",0,3,2,2,"do_not_mind",4,"Microsoft",14,8,6,14,110,6,9,7,"yes",120,"Spring","Other",177,2,8,2026,815,"UWI","tea"
"2026-04-09 08:35:00.159",8,"vossha6","Tutorial 1 (C11.308)",3.5,"NW",285,1,"drowsy","coffee","no",5,"yes",1,6,4,4,"do_not_mind",6,"Both",14,8,3,13,70,2,30,20,"yes",350,"Spring","black",165,2,9,2026,815,"UWI","coffee"
"2026-04-09 08:35:52.23",6,"graffr41","Tutorial 1 (C11.308)",0.3,"N",353,2,"awake","cacoa","yes",7,"yes",1,4,2,1,"Yes",7,"Microsoft",25,6,12,12,134,5,57,13,"yes",250,"Spring","sugar_milk",191,8,6,2026,815,"UWI","other"
"2026-04-09 08:37:15.039",3,"lohee24","Tutorial 1 (C11.308)",0.2,"S",80,6,"awake","water","yes",6,"yes",2,5,2,2,"do_not_mind",6,"Microsoft",14,4,4,13,40,2,46,12,"No",300,"Summer","milk",167,8,4,2026,815,"UWI","water"
"2026-04-09 08:38:32.51",6,"oberh5","Tutorial 1 (C11.308)",0.4,"W",240,8,"tired","coffee","yes",7,"yes",1,2,2,2,"do_not_mind",6,"Apple",16,5,7,15.4,75,4,87,13,"yes",350,"Summer","milk",186,7,5,2026,815,"UWI","coffee"
"2026-04-09 08:39:17.449",7,"ehren8","Tutorial 1 (C11.308)",0,"NW",240,1,"awake","water","yes",8,"yes",1,0,2,2,"No",5,"Apple",20,7,4,20,65,2,85,13,"yes",160,"Summer","milk",167,4,7,2026,815,"UWI","water"
"2026-04-09 08:39:30.508",7,"amfuc5","Tutorial 1 (C11.308)",2.5,"W",140,3,"drowsy","tea","yes",8,"yes",2,5,2,2,"do_not_mind",6.5,"Microsoft",19,6,6,16,110,3,70,10,"yes",200,"Spring","milk",176,4,7,2026,815,"UWI","tea"
"2026-04-09 08:39:46.235",5,"schmo1","Tutorial 1 (C11.308)",2.4,"NE",600,3,"awake","water","yes",9,"yes",3,2,3,3,"do_not_mind",6,"Neither",21,7,3,12,120,4,15,12,"yes",190,"Fall","milk",174,2,5,2026,815,"UWI","water"
"2026-04-09 08:41:35.079",8,"rotfe6","Tutorial 1 (C11.308)",4,"N",560,6,"tired","tea","yes",6,"yes",1,2,2,2,"No",6.5,"Apple",15,6,11,15.5,160,3,192,25,"No",160,"Summer","milk",170,7,8,2026,815,"UWI","tea"
"2026-04-09 08:41:35.255",7,"t15","Tutorial 1 (C11.308)",1.1,"NE",180,1,"awake","water","yes",8,"yes",3,0,4,3,"do_not_mind",4,"Apple",20,6,9,15.4,350,8,74,12,"No",220,"Spring","Other",178,3,6,2026,815,"UWI","water"
"2026-04-09 08:42:13.619",8,"sensb179","Tutorial 1 (C11.308)",2,"N",123,8,"tired","water","yes",7,"yes",1,0,2,3,"No",8,"Microsoft",20,7,4,13,100,2,48,12,"yes",380,"Spring","milk",200,6,5,2026,815,"UWI","water"
"2026-04-09 08:43:04.507",5,"lulle7","Tutorial 1 (C11.308)",3,"NW",300,3,"drowsy","tea","yes",7,"yes",2,5,3,3,"Yes",3.5,"Apple",11,8,6,8,25,0,20,15,"yes",30,"Spring","milk",170,3,7,2026,815,"UWI","tea"
"2026-04-09 08:44:47.458",7,"zumwa2","Tutorial 1 (C11.308)",0.4,"N",120,2,"awake","coffee","no",8,"no",0,12,1,2,"No",6.5,"Apple",14,6,6,10,378,8,5,6,"yes",150,"Summer","Other",167,7,7,2026,815,"UWI","coffee"
"2026-04-09 08:47:35.932",6,"ander1","Tutorial 1 (C11.308)",450,"W",150,0,"tired","juice","no",8,"yes",2,2,2,2,"No",5,"Apple",10,5,5,10,130,5,65,14,"yes",120,"Summer","milk",173,7,5,2026,815,"UWI","other"
"2026-04-09 09:08:17.526",7,"böhme33","Tutorial 1 (C11.308)",0.5,"SE",762,2,"awake","coffee","yes",8,"no",0,3,3,4,"do_not_mind",5,"Apple",12,7,8,10,240,5,60,5,"yes",50,"Fall","milk",186,8,6,2026,815,"UWI","coffee"
